{"cameraMode":{"drawMode":0,"name":"Shaded","section":"Shading Mode"},"sceneLighting":true,"audioPlay":false,"sceneViewState":{"showFog":true,"showMaterialUpdate":false,"showSkybox":true,"showFlares":true,"showImageEffects":true,"showParticleSystems":true},"in2DMode":false,"pivot":{"x":0.5608033537864685,"y":-0.6815710663795471,"z":2.4406442642211916},"rotation":{"x":-0.22993379831314088,"y":-0.10544693470001221,"z":0.025073781609535219,"w":-0.9671518802642822},"size":10.969657897949219,"orthographic":false}