{"cameraMode":{"drawMode":0,"name":"Shaded","section":"Shading Mode"},"sceneLighting":true,"audioPlay":false,"sceneViewState":{"showFog":true,"showMaterialUpdate":false,"showSkybox":true,"showFlares":true,"showImageEffects":true,"showParticleSystems":true},"in2DMode":false,"pivot":{"x":4.745987415313721,"y":-0.5801126956939697,"z":2.973306655883789},"rotation":{"x":-0.2990145683288574,"y":0.12322099506855011,"z":-0.038969479501247409,"w":-0.9454566240310669},"size":10.865011215209961,"orthographic":false}