{"cameraMode":{"drawMode":0,"name":"Shaded","section":"Shading Mode"},"sceneLighting":true,"audioPlay":false,"sceneViewState":{"showFog":true,"showMaterialUpdate":false,"showSkybox":true,"showFlares":true,"showImageEffects":true,"showParticleSystems":true},"in2DMode":false,"pivot":{"x":6.437865734100342,"y":2.018968343734741,"z":2.6158342361450197},"rotation":{"x":-0.09629154950380326,"y":0.09778045862913132,"z":-0.009501113556325436,"w":-0.9904931783676148},"size":7.858922481536865,"orthographic":false}