{"cameraMode":{"drawMode":0,"name":"Shaded","section":"Shading Mode"},"sceneLighting":true,"audioPlay":false,"sceneViewState":{"showFog":true,"showMaterialUpdate":false,"showSkybox":true,"showFlares":true,"showImageEffects":true,"showParticleSystems":true},"in2DMode":false,"pivot":{"x":-0.3924048840999603,"y":0.43182697892189028,"z":2.0766353607177736},"rotation":{"x":-0.022776277735829355,"y":0.05305999144911766,"z":-0.001209912938065827,"w":-0.99833083152771},"size":6.1248273849487309,"orthographic":false}